{
    "AX": {
        "error": 0.05382704123507547, 
        "fit": "average_SEM", 
        "value": 0.06867136402159102
    }, 
    "CDD": {
        "error": 0.0001328524031972136, 
        "fit": "average_SEM", 
        "value": 0.00012264806266304933
    }, 
    "H1": {
        "error": 0.12079852854645377, 
        "fit": "average_SEM", 
        "value": 0.008298657567098012
    }, 
    "H2": {
        "error": 0.1395257188175947, 
        "fit": "average_SEM", 
        "value": -0.04578026435855362
    }, 
    "L1": {
        "error": 0.16692733927961012, 
        "fit": "average_SEM", 
        "value": -0.08583047761284332
    }, 
    "L2": {
        "error": 0.13072373563044226, 
        "fit": "average_SEM", 
        "value": -0.09380687326580907
    }
}