{
    "Ar36": {
        "error": 0.002078723091897796, 
        "fit": "linear", 
        "value": 0.029382416582356956
    }, 
    "Ar37": {
        "error": 0.14555089789110817, 
        "fit": "linear", 
        "value": 0.018108877703462312
    }, 
    "Ar38": {
        "error": 0.15687792522592445, 
        "fit": "linear", 
        "value": 0.25812916257994334
    }, 
    "Ar39": {
        "error": 0.082468799750140181, 
        "fit": "linear", 
        "value": 32.235808351902897
    }, 
    "Ar40": {
        "error": 0.52072478877859996, 
        "fit": "linear", 
        "value": 1411.690011254404
    }, 
    "Ar41": {
        "error": 0.1357327843856232, 
        "fit": "average_SEM", 
        "value": -0.085550980681243047
    }
}