{
    "Ar36": {
        "error": 0.0031797394385419059, 
        "fit": "linear", 
        "value": 0.066870513079874946
    }, 
    "Ar37": {
        "error": 0.14892169318659843, 
        "fit": "linear", 
        "value": 0.15499445331849748
    }, 
    "Ar38": {
        "error": 0.14872964173863151, 
        "fit": "linear", 
        "value": 0.82599862046502914
    }, 
    "Ar39": {
        "error": 0.10793592510897487, 
        "fit": "linear", 
        "value": 74.664659243103571
    }, 
    "Ar40": {
        "error": 0.86286222766138054, 
        "fit": "linear", 
        "value": 3265.4453142749053
    }, 
    "Ar41": {
        "error": 0.17693152041156224, 
        "fit": "average_SEM", 
        "value": 0.22115072304667491
    }
}