{
    "Ar36": {
        "error": 0.0017253830210217766, 
        "fit": "linear", 
        "value": 0.014375304385910434
    }, 
    "Ar37": {
        "error": 0.13657446931547135, 
        "fit": "linear", 
        "value": 0.098029647508543191
    }, 
    "Ar38": {
        "error": 0.25229458480347494, 
        "fit": "linear", 
        "value": 0.25609405495135185
    }, 
    "Ar39": {
        "error": 0.082769818116279578, 
        "fit": "linear", 
        "value": 47.770215851387817
    }, 
    "Ar40": {
        "error": 0.69659014863051427, 
        "fit": "linear", 
        "value": 2083.238838068386
    }, 
    "Ar41": {
        "error": 0.11698813155370634, 
        "fit": "average_SEM", 
        "value": -0.23004971574060618
    }
}