{
    "Ar36": {
        "error": 0.0014744189840045668, 
        "fit": "linear", 
        "value": 0.010809284779339883
    }, 
    "Ar37": {
        "error": 0.14475851577970256, 
        "fit": "linear", 
        "value": 0.072077985736034175
    }, 
    "Ar38": {
        "error": 0.25381684035369351, 
        "fit": "linear", 
        "value": 0.2421904098620144
    }, 
    "Ar39": {
        "error": 0.0828418091591622, 
        "fit": "linear", 
        "value": 36.353330753128425
    }, 
    "Ar40": {
        "error": 0.53492499389895698, 
        "fit": "linear", 
        "value": 1591.1669159422449
    }, 
    "Ar41": {
        "error": 0.11440554405650177, 
        "fit": "average_SEM", 
        "value": -0.24787735863899191
    }
}