{
    "Ar36": {
        "error": 0.0056637572344020387, 
        "fit": "linear", 
        "value": 0.22054527555043907
    }, 
    "Ar37": {
        "error": 0.14460439195670891, 
        "fit": "linear", 
        "value": 0.1896059987806018
    }, 
    "Ar38": {
        "error": 0.22779327978667493, 
        "fit": "linear", 
        "value": 0.70788806568870744
    }, 
    "Ar39": {
        "error": 0.099675381652463285, 
        "fit": "linear", 
        "value": 78.267595451941432
    }, 
    "Ar40": {
        "error": 0.86311667065859676, 
        "fit": "linear", 
        "value": 3494.0327532329748
    }, 
    "Ar41": {
        "error": 0.1240071908553716, 
        "fit": "average_SEM", 
        "value": -0.19767574757958453
    }
}