{
    "Ar36": {
        "error": 0.0025685772595656856, 
        "fit": "linear", 
        "value": 0.032168529721559425
    }, 
    "Ar37": {
        "error": 0.14007674859879504, 
        "fit": "linear", 
        "value": 0.10032070314013378
    }, 
    "Ar38": {
        "error": 0.26935622284912047, 
        "fit": "linear", 
        "value": 0.39120528806668514
    }, 
    "Ar39": {
        "error": 0.078308114613850829, 
        "fit": "linear", 
        "value": 42.739496931080978
    }, 
    "Ar40": {
        "error": 0.57417448850162933, 
        "fit": "linear", 
        "value": 1877.2174636617397
    }, 
    "Ar41": {
        "error": 0.11176706346134904, 
        "fit": "average_SEM", 
        "value": 0.23149720331033072
    }
}