{
    "Ar36": {
        "error": 0.0023582172359204998, 
        "fit": "linear", 
        "value": 0.037267127011350674
    }, 
    "Ar37": {
        "error": 0.14139265531268222, 
        "fit": "linear", 
        "value": 0.029247473298307396
    }, 
    "Ar38": {
        "error": 0.25834685602722068, 
        "fit": "linear", 
        "value": 0.38210611500931968
    }, 
    "Ar39": {
        "error": 0.080311266539301332, 
        "fit": "linear", 
        "value": 39.954704302536101
    }, 
    "Ar40": {
        "error": 0.53908186210593323, 
        "fit": "linear", 
        "value": 1749.9452765358842
    }, 
    "Ar41": {
        "error": 0.1263795192019106, 
        "fit": "average_SEM", 
        "value": -0.058805805255865887
    }
}