{
    "Ar36": {
        "error": 0.0049522487201573333, 
        "fit": "linear", 
        "value": 0.18320471882589989
    }, 
    "Ar37": {
        "error": 0.12633860680196823, 
        "fit": "linear", 
        "value": 0.14717009577952705
    }, 
    "Ar38": {
        "error": 0.26873898875417346, 
        "fit": "linear", 
        "value": 0.56692761463097341
    }, 
    "Ar39": {
        "error": 0.09110473245777119, 
        "fit": "linear", 
        "value": 55.811704038754435
    }, 
    "Ar40": {
        "error": 0.64796494911536062, 
        "fit": "linear", 
        "value": 2500.6651696801928
    }, 
    "Ar41": {
        "error": 0.12414518971053895, 
        "fit": "average_SEM", 
        "value": -0.0014454229075151184
    }
}