{
    "Ar36": {
        "error": 0.00085258854517049928, 
        "fit": "parabolic", 
        "value": 0.00084736901401565533
    }, 
    "Ar37": {
        "error": 0.14548924210962985, 
        "fit": "linear", 
        "value": -0.088585055854045594
    }, 
    "Ar38": {
        "error": 0.13175832191720432, 
        "fit": "linear", 
        "value": -0.095947064341712518
    }, 
    "Ar39": {
        "error": 0.066891260935247776, 
        "fit": "parabolic", 
        "value": 0.39609044085676853
    }, 
    "Ar40": {
        "error": 0.14368973119213785, 
        "fit": "parabolic", 
        "value": 0.2308620472394517
    }, 
    "Ar41": {
        "error": 0.15916070452948172, 
        "fit": "average_SEM", 
        "value": -0.12243376800994156
    }
}