{
    "Ar36": {
        "error": 0.00080965357733272635, 
        "fit": "parabolic", 
        "value": 0.00083138305719973626
    }, 
    "Ar37": {
        "error": 0.15316516305278494, 
        "fit": "linear", 
        "value": -0.080356717346787537
    }, 
    "Ar38": {
        "error": 0.13049384477796858, 
        "fit": "linear", 
        "value": -0.083496332129311943
    }, 
    "Ar39": {
        "error": 0.07104315696331065, 
        "fit": "parabolic", 
        "value": 0.35747376880904486
    }, 
    "Ar40": {
        "error": 0.14384651303446638, 
        "fit": "parabolic", 
        "value": 0.19464561727248475
    }, 
    "Ar41": {
        "error": 0.1437746886258772, 
        "fit": "average_SEM", 
        "value": -0.12604069717781385
    }
}