{
    "Ar36": {
        "error": 0.0043657699230090488, 
        "fit": "linear", 
        "value": 0.10779888146108461
    }, 
    "Ar37": {
        "error": 0.1428397557541207, 
        "fit": "linear", 
        "value": 0.10600832130519908
    }, 
    "Ar38": {
        "error": 0.13517868808184422, 
        "fit": "linear", 
        "value": 0.59687048371315332
    }, 
    "Ar39": {
        "error": 0.088718126161757185, 
        "fit": "linear", 
        "value": 52.850141976562576
    }, 
    "Ar40": {
        "error": 0.66997466896480962, 
        "fit": "linear", 
        "value": 2346.5958908601306
    }, 
    "Ar41": {
        "error": 0.12687439146155713, 
        "fit": "average_SEM", 
        "value": 0.011774734368858238
    }
}