{
    "Ar36": {
        "error": 0.0016247174388313789, 
        "fit": "linear", 
        "value": 0.014158397694970768
    }, 
    "Ar37": {
        "error": 0.13533965358311537, 
        "fit": "linear", 
        "value": 0.080951646742304012
    }, 
    "Ar38": {
        "error": 0.13413914713281364, 
        "fit": "linear", 
        "value": 0.59221382251321497
    }, 
    "Ar39": {
        "error": 0.10042819105058949, 
        "fit": "linear", 
        "value": 54.092995676836587
    }, 
    "Ar40": {
        "error": 0.68245371195798465, 
        "fit": "linear", 
        "value": 2358.0710735532957
    }, 
    "Ar41": {
        "error": 0.15250567812191843, 
        "fit": "average_SEM", 
        "value": -0.063718361798803219
    }
}