{
    "AX": {
        "error": 0.050687879601067284, 
        "fit": "average_SEM", 
        "value": -0.017802008721385695
    }, 
    "CDD": {
        "error": 4.385003159586137e-05, 
        "fit": "average_SEM", 
        "value": 1.0364624904468655e-05
    }, 
    "H1": {
        "error": 0.12171089495197081, 
        "fit": "average_SEM", 
        "value": 0.0007432748796418309
    }, 
    "H2": {
        "error": 0.12159932880981394, 
        "fit": "average_SEM", 
        "value": -0.05551384022110142
    }, 
    "L1": {
        "error": 0.2115499308111743, 
        "fit": "average_SEM", 
        "value": -0.1474636847424942
    }, 
    "L2": {
        "error": 0.14044687442879503, 
        "fit": "average_SEM", 
        "value": -0.12246552628348581
    }
}