{
    "Ar36": {
        "error": 0.025771723164113754, 
        "fit": "parabolic", 
        "value": 4.4081913661579746
    }, 
    "Ar37": {
        "error": 0.16493617757480852, 
        "fit": "linear", 
        "value": -0.12713141307490655
    }, 
    "Ar38": {
        "error": 0.15409334983000347, 
        "fit": "linear", 
        "value": 0.70889276546491953
    }, 
    "Ar39": {
        "error": 0.069119243469909053, 
        "fit": "parabolic", 
        "value": 0.35781081984723884
    }, 
    "Ar40": {
        "error": 0.45833233076597385, 
        "fit": "parabolic", 
        "value": 1336.1267085121485
    }, 
    "Ar41": {
        "error": 0.14463556995176594, 
        "fit": "average_SEM", 
        "value": -0.086165440445765851
    }
}